student_id,lname,fname,email
1,Tamang,Ashok,tamash07@gmail.com
2,Potter,Harry,pothar01@yahoo.com
3,Hathaway,Anna,annahath@aol.com
4,Micheam,Hermoine,hmicheam@hogwarts.com
5,Quack,Gauri,gquack@hotmail.com
6,Ponting,Ricky,rickpont@live.com
7,Williams,Serena,serena@tennis.com
